,model,dataset,n_classes_per_task,task_idx,all_cl_accs_metric_max_prob_ratio,all_cl_accs_metric_entropy_diff,all_cl_accs_metric_max_logit_diff,all_cl_accs_metric_all_sims,all_cl_accs_metric_max_prob_diff,all_cl_accs_metric_kl_div,all_cl_accs_metric_max_logit_ratio,all_cl_accs_metric_entropy_ratio,all_fgts_metric_max_prob_ratio,all_fgts_metric_entropy_diff,all_fgts_metric_max_logit_diff,all_fgts_metric_all_sims,all_fgts_metric_max_prob_diff,all_fgts_metric_kl_div,all_fgts_metric_max_logit_ratio,all_fgts_metric_entropy_ratio,all_transfers_metric_max_prob_ratio,all_transfers_metric_entropy_diff,all_transfers_metric_max_logit_diff,all_transfers_metric_all_sims,all_transfers_metric_max_prob_diff,all_transfers_metric_kl_div,all_transfers_metric_max_logit_ratio,all_transfers_metric_entropy_ratio
0,resnet,cifar-100,20,1.0,0.32116355982800837,-0.2692163582526473,0.2061112683511524,-0.43946033390282263,0.19906292372450107,0.08677809875904344,0.1556998737345381,-0.15587385234117712,0.5951565772000413,-0.5883939497366034,0.5841535587389035,0.0668243623390991,0.6609662707855009,0.10196817850530379,0.6169209548701546,-0.6283429349570351,0.3586566138018855,-0.42546318676763895,0.13426000688385933,0.2836802505511721,0.4649708716214837,-0.6137193083533828,0.03988332000831493,-0.5029641361350283
1,resnet,cifar-100,20,2.0,-0.06029669181365276,-0.13903964016381676,0.14633888056662392,0.6973640448781817,0.21227627379519687,-0.2396103636661825,-0.13339517609796683,-0.35217009926967924,-0.06116378186605871,0.23431085434814028,-0.2901400072888317,-0.47932508713073996,-0.2756849159686347,0.40427342103944236,-0.07465938906432044,0.4146873213442807,0.029339012839366335,-0.15267365108642403,0.12301288542319765,0.9481093828840705,0.24043598025673774,-0.5361382246878056,-0.14908283150056037,-0.3306815211094422
2,resnet,cifar-100,20,3.0,0.28187592263290584,-0.19661677252682053,0.14746934528016545,-0.2765643688028309,0.20195249903306908,0.31654147191732707,0.1887363202752912,-0.16202182143443955,0.07283981067640122,-0.17010702896140945,0.21990452238222996,-0.0740795652266793,0.1655104041690366,0.024131851337534135,0.1785342977212772,-0.2046385616062548,0.29437774859684174,-0.23777323866520866,0.1982110800525702,-0.3583199038350192,0.2499919202840098,0.3664419367882533,0.23316856188705384,-0.22362348133622992
3,resnet,cifar-100,20,4.0,0.9707110118107278,-0.9747817023877431,0.9757737076196916,-0.8682676215563075,0.9824194494583254,0.6488084006090918,0.9746032184750673,-0.985168233701051,-0.6738081339655521,0.6811668231843059,-0.7641851437425724,0.517917822571687,-0.7290113787960354,-0.15178863613641902,-0.6861019208806926,0.7733545831108409,0.7055648761968822,-0.679219976405771,0.6547412078551129,-0.46790671289553615,0.6695422197922515,0.5093910877642754,0.6937999821689598,-0.63011806381832
4,resnet,cifar-100,10,1.0,0.39188082172537747,-0.41287178743457004,0.21184793999124896,0.16550802344205268,0.40998780944973984,-0.14814399968550715,0.21342926706584425,-0.36597741805342526,0.5321266408372818,-0.38203002564981287,0.2045648148797429,-0.8079131720691808,0.42964706354464177,-0.31086337613623466,0.284419123982912,-0.2616927736698438,0.9143577219473932,-0.8970928099608857,0.6260772090677865,-0.6998579716386151,0.9102409465229511,-0.45707766829036456,0.6893444499106427,-0.8001784559040233
5,resnet,cifar-100,10,2.0,0.9157355558962741,-0.8213684361280993,0.8088696321388482,-0.3414402563542239,0.8012875922808588,0.051654815137404775,0.9296448683787193,-0.7096675852066303,0.608702940303957,-0.3904881114584542,0.36622601881030425,-0.3692255431617104,0.3360813832084558,0.4255628506957846,0.7113536822166091,-0.21403828934706576,0.9119212194630153,-0.9180644635603143,0.8954664409189077,0.19503218442282055,0.8904925132735451,-0.3172535579827351,0.9220783260673039,-0.8508272816052845
6,resnet,cifar-100,10,3.0,-0.2024774753389448,0.25166844464103166,-0.37931948217641726,0.15986049358456228,-0.33848104263605033,0.4707737075902871,-0.19617831198169183,0.3532081677011195,0.8905509262675206,-0.8456770128598633,0.6914315203258412,-0.7921945775368008,0.9110454395322349,-0.7173426348614241,0.5474990599748799,-0.8557519044793244,-0.07485479016472091,0.1091145850849385,0.38140976157264084,0.010872854609682205,0.04085844033713998,0.444853176784851,0.4543607323065277,-0.03482291442893276
7,resnet,cifar-100,10,4.0,0.1617983135417941,-0.0904401127882405,-0.07723626759503378,0.31485604556095925,-0.04872811307515573,-0.13402255957394976,0.21311772042563762,0.16821160641507563,-0.3406282526711043,0.11158929982143832,0.20889225192654476,-0.22365010026110654,0.04666789633455959,0.36395867318652547,-0.0948872492140048,-0.23001777372464155,0.10425039287687773,-0.32117610975076805,0.403596560501308,0.11623561739051085,0.24586967473580332,0.03556322700007944,0.5858485730461859,-0.2569382619865208
8,resnet,cifar-100,4,1.0,0.9963776778595834,-0.9900805593278941,0.7986100369732149,0.4852618526227464,0.997110495347565,0.6227301391290324,0.8070505433935297,-0.9389901240568506,0.513150123820165,-0.516994254329935,0.29190749611503625,0.7491791211687684,0.5443807727406765,0.7060991781600868,0.1730621267206379,-0.5428195586275515,0.8550969016739686,-0.7744682169775726,0.41066721004473544,0.5545966791657235,0.823821362528539,0.3658619808074387,0.3764479184759488,-0.671654350142803
9,resnet,cifar-100,4,2.0,-0.129996132378119,0.37724793228052883,-0.6058344890981333,-0.5711810973470174,-0.3198811942423587,0.3648755412477641,-0.47968984358747824,0.5577589909442332,0.4836624018573879,-0.7832027942883459,0.8543610473409309,0.7905158419031649,0.7373996275771277,0.0723816417742029,0.6901023788698526,-0.9209103327423085,-0.6485276749534953,0.49286138382008904,-0.45264012504024775,-0.044395892249719814,-0.5607531380354928,-0.6584109349797599,-0.6459589929646977,0.20993026622846428
10,resnet,cifar-100,4,3.0,-0.3965719461392064,0.352569671120443,-0.07559570236361551,-0.7160911248608393,-0.4164229866791837,-0.611762963525583,-0.08142402705194043,0.20400824330560893,0.42272786865869283,-0.5052366645339251,0.40656456215316883,0.1755524402685357,0.5343703762229839,0.6398864407580855,0.3178631348245647,-0.46823473121648834,0.1347579914472996,-0.32575639430468645,0.4961047259702707,-0.03632126801229328,0.34057266599967306,0.44475068873900925,0.28607290008769826,-0.5544895840345984
11,resnet,cifar-100,4,4.0,-0.0012427739141305143,-0.06319096422262446,0.07673285163198187,-0.25091505300907424,0.044188879535945975,0.2340735314379896,-0.09442013552886318,-0.128051246234364,-0.3439982397170784,0.2776735296567667,-0.013144128712024748,0.11351974105635669,-0.23254639005950878,0.04489000808211354,-0.15574462538323564,0.022767934672053666,-0.7984444405192002,0.7576168382795465,-0.5449619021927788,0.5537037134676659,-0.697229925234175,0.6886787635773777,-0.7417995431146231,0.4575490739226547
12,resnet,cifar-100,2,1.0,0.3123111288500515,-0.37616181011629934,0.9192331410941842,-0.6077392680786143,0.37678299878043797,0.6161950823784395,0.6523384221472377,-0.9303619034752083,0.5342195897119515,-0.5643643862790887,-0.19865788581017135,-0.3259749733662769,0.5072366262624891,0.6587405828306282,0.05858125689496438,-0.01193006548798412,-0.5329565053258803,0.5300786215707828,-0.8048517918354506,0.6315466159129374,-0.5660640399506418,-0.06571070444618365,-0.8828468185742914,0.7549921196392756
13,resnet,cifar-100,2,2.0,0.6852718674321946,-0.6651325836362509,0.829158720362855,-0.24254876039682263,0.7416557449915198,0.5324796578778892,0.6282944132555615,-0.6299458526050793,-0.5966294769058919,0.4799959426759627,-0.661604209139455,0.296324032818974,-0.6093906533792653,-0.4956749569129682,-0.5400538129680681,0.3906036866608405,-0.17474347071864538,0.20964520982694468,-0.03626760463239996,-0.6008729103646898,-0.222820478026697,0.5059853577270803,-0.06021706942339976,0.24683610995316468
14,resnet,cifar-100,2,3.0,0.41106646521312784,-0.4492252797807875,0.5874365254579279,0.21723449846623116,0.39448022257513926,0.723152190550349,0.6814121494838062,-0.3980428212005748,0.34925647335811527,-0.3323917212367178,0.1938974155596348,0.14607510598423049,0.3882791003961145,-0.20973921108088042,0.0364387151300171,-0.45158771482515503,0.5105581203473107,-0.5838760928104474,0.42475898104904414,-0.1538568444044198,0.557892472230961,0.019815764441455413,0.36610144419561863,-0.7551203454435502
15,resnet,cifar-100,2,4.0,-0.5209012270426171,0.46441573791186797,0.09877271306141462,-0.07997391284860808,-0.45408145313724035,0.32454046498270317,-0.08199682700227111,-0.023826713874131617,0.5646273703839491,-0.5507785784214998,-0.028086544495056646,0.2745657351496765,0.5120344391073571,-0.2723485715956784,0.27815595165195806,0.029456248969748557,0.6124773577013739,-0.6135039323355312,0.6748424791934426,-0.7077785176983025,0.6632577232794481,-0.3409242070751725,0.6208911726708377,-0.5931622498362801
16,resnet,tiny,20,1.0,-0.8877637976211665,0.7589509162707042,-0.6600690385515827,-0.7748872475615061,-0.7912934816684173,0.5700970822018914,-0.4560536124839368,0.7021385031289066,0.6975212973354703,-0.7116015339278036,0.455464373762644,0.7338742029096295,0.7198722571975935,-0.7209602129585732,0.06687205696651498,-0.7115323135055762,0.20432790936606718,-0.2231187354732319,-0.1824446776918423,0.35610432667340824,0.2143931611740486,-0.7996099341926317,-0.5784269432008552,-0.20555205166951718
17,resnet,tiny,20,2.0,-0.5547581070032475,0.4509464516300495,-0.4353774183238717,0.47062990519835995,-0.47653659330877884,-0.390609820639917,-0.48432124445324015,0.4222705690324086,0.4354328989522472,-0.47541467221811456,0.18266386383976524,0.013628976794118616,0.5284769100098062,-0.1945250336736907,0.12657847521410356,-0.5293567726148182,-0.29783115249871234,0.2827872059837387,-0.03356560126883018,-0.002923250790442228,-0.30641544070919746,0.24672819514263802,-0.07730677678753828,0.2984931926027063
18,resnet,tiny,20,3.0,-0.5302716611698541,0.3311852100805494,-0.27788664669657365,0.6606858602369416,-0.26512914419957817,0.046292732469991264,-0.37643444283942384,0.2066704277712785,0.679958126311463,-0.5037815973699102,0.46173674168362516,-0.7647197493355736,0.4484324941677134,-0.04037197602690922,0.529927864361767,-0.3860342937577664,0.4515729786872686,-0.2290904893773904,0.3855273581135146,-0.5787715300086459,0.21834400732805495,0.8019495050457776,0.502167535019595,-0.13818886446420095
19,resnet,tiny,20,4.0,-0.9655118501908816,0.8729345784827377,-0.8126968540856319,-0.37719758397712433,-0.8136724864196038,0.3973412103701051,-0.8706151874553425,0.7732937032080371,0.8501937910441789,-0.8981645831211658,0.8096915869068885,-0.20433289683262196,0.9246344529104841,-0.5038408597406268,0.7295690735035103,-0.9203326794773009,-0.8157621672419063,0.7946357123349871,-0.6734006761039558,-0.22484604435929176,-0.8211393654477973,0.695742042097643,-0.6390226134714382,0.7948894173693374
20,resnet,tiny,10,1.0,-0.3318096920194979,0.24603499431520973,-0.3816737603701534,0.4399095879611841,-0.23793059340955394,0.7998836296357991,-0.5590181488389812,0.18517439707587582,0.38744422907724435,-0.2899491388774214,0.3947963206964144,-0.5804805963915562,0.28578528332643893,-0.6158389537096893,0.5534385387930554,-0.2265990991596306,-0.7987212928737616,0.8792975568204359,-0.7949382823054398,-0.3985099077463604,-0.8559257843938768,0.03582627867658672,-0.4950059523355263,0.9004978046623283
21,resnet,tiny,10,2.0,-0.16754056252338564,-0.03734168088986871,0.4745301103737087,-0.572254856836447,-0.02404265000673704,0.392989091238604,0.5226108318373295,-0.08716519104861256,-0.1797692945039037,0.34760633841264715,-0.6423684681186519,0.41145412003502274,-0.2981613112271879,0.005269457699337873,-0.6825865132725832,0.3727311031919158,0.037985359742980174,0.031688496154825864,-0.22670136112009967,-0.1754242964220987,0.01257828570931929,0.20074582252367495,-0.2262959862876964,0.038611763701936745
22,resnet,tiny,10,3.0,0.025563626069339207,0.41294303557705075,-0.3999529478836498,-0.7059501248740353,-0.446039889928674,0.8699142633292326,0.5265583873247027,0.5720335469013874,-0.40003757918542143,0.04950704678165962,-0.001617893634665647,0.534255904956273,-0.02526369055913755,-0.5454125059664485,-0.6529138861018895,-0.10878669309466849,-0.6090641444246724,0.4996721000814901,-0.45070280951060154,0.2406830950330157,-0.4971145662390064,-0.05327481950877622,-0.5863814971758948,0.42767914650230754
23,resnet,tiny,10,4.0,0.5183280903782876,-0.07125514269024366,0.00028532864453001996,-0.7618886632359536,-0.07515169426081951,0.6644775282441006,0.3918083451828531,0.27934542185429256,-0.6297973966566015,0.32532402693129137,-0.23082341644922816,0.620075145251492,-0.19551382530754383,-0.48236395291387124,-0.54394807886134,0.005979680602801185,0.11682773608308346,0.3740989357187537,-0.3399182451350644,-0.3555313096121672,-0.4844977726100658,0.7284735613756802,-0.021958324585720515,0.6382233847824635
24,resnet,tiny,4,1.0,-0.07386653782679524,-0.020573262165461653,0.24643896438464774,-0.2712221840137091,-0.0256717114069705,-0.022718255128530474,0.30983582466753656,-0.09878487582971758,-0.10542562930978165,0.1728798539000129,-0.3669756501151574,0.1524103719479202,-0.13564889558856058,-0.08810048601216815,-0.4842012852020995,0.22877642124052544,-0.3490358447267268,0.42050987026214004,-0.5773566562990258,-0.20692792517870479,-0.3852175317656712,-0.4268807533414607,-0.539738503962196,0.4856727522544824
25,resnet,tiny,4,2.0,0.869376528580916,-0.9210349820305412,0.6359847493897194,0.40461918960625315,0.9429098595704835,0.47603040289409404,0.6610719747658281,-0.7302100652277422,-0.6370772728781539,0.6473320651720335,-0.252563757563738,-0.6976606550109072,-0.7052141395665977,-0.3935599445215611,-0.2796316643686565,0.46980999654151656,-0.16631906959840648,-0.006734590918007621,0.17005817394222206,-0.2853734303548914,-0.08414895612296068,-0.6446224305181304,0.11820030950183354,-0.34031554318408175
26,resnet,tiny,4,3.0,-0.6479874185406489,0.4364625247859879,-0.507159972052187,-0.029005645187480552,-0.4081687059617144,0.7144631646232508,-0.553370099298038,0.2876665995480087,0.9336961547291913,-0.8167122117032236,0.8656160209999352,-0.14183190640260315,0.7939642355223168,-0.8920303232632978,0.8920148270571913,-0.7010901235197143,-0.7789726163715075,0.8897560692801707,-0.7577377464120798,0.08353394258841468,-0.9137886783136772,0.4175299832554175,-0.759455112744576,0.954362972932075
27,resnet,tiny,4,4.0,-0.8065326309366191,0.7331770424153041,-0.6731980014457495,-0.846356125808837,-0.7771660520757923,0.15326840400911557,-0.7041283675932667,0.6259477767883999,0.5210422582799572,-0.5002109078950246,0.5580259347782112,0.5733150907140522,0.5119598719898667,0.32935124669476595,0.6155263602337154,-0.38866320906524976,-0.8873370883413606,0.7439941221156093,-0.590017778070053,-0.37450828011628395,-0.764737749148358,0.8715142923133864,-0.7138545113274175,0.6097913020780293
28,resnet,tiny,2,1.0,0.21188565187652392,-0.2646341486960005,0.6252820111173963,0.7618561021921244,0.21962732000841398,0.5727638969715756,0.6814452871261264,-0.2801063538444075,0.5576848917898578,-0.5004214129363782,0.04838651379488957,-0.5436911656625975,0.5539724781639044,0.039045439119794224,-0.04710444544399573,-0.4853961688307555,-0.30348360547199354,0.2931170761977173,-0.2701966345365835,0.1297545062375081,-0.2920673085479119,-0.12524604233448672,-0.25119650307365515,0.24952007022080175
29,resnet,tiny,2,2.0,0.5472182125355243,-0.6185326677472792,0.5021002423855386,0.9023793779289097,0.6235251851881033,0.1757512552587408,0.23099686975592745,-0.7167806864294636,-0.4121044252734396,0.4124883281963342,-0.17708429025751077,-0.7802049053388609,-0.44665008164863873,-0.1249145067357598,0.08537232658078393,0.4523257938402159,0.7296782360774294,-0.6545226299375656,0.3545986582046379,0.7708062422525509,0.7032214588066971,0.5966761380602864,0.2004953569081312,-0.5745615210088547
30,resnet,tiny,2,3.0,-0.8897401226407413,0.7354064668807268,-0.7265500436311548,-0.7249392489698062,-0.7659055197467605,-0.8628911086961812,-0.8812405440904585,0.466410992893996,0.7626850219705568,-0.626560894906179,0.6587031390364779,0.6512014359891666,0.6173875723724838,0.9699962392362567,0.8308324965735897,-0.3280857163941464,0.08467931302610988,0.20556304288231667,-0.18225017814323557,-0.19980424213565576,-0.17619014588793785,0.4934345723584661,0.098715739173207,0.5065548436508939
31,resnet,tiny,2,4.0,0.903577616993571,-0.7745610874012699,0.8852774050906251,0.6797454033896333,0.8363540280460549,0.8546245106059009,0.9187502135338531,-0.5034978658350252,-0.5588741380333148,0.5590399168484321,-0.6109942880403826,-0.6999679447590397,-0.5670073236566967,-0.28128699687982006,-0.6096151345552778,0.4692072477441263,-0.6136492736232402,0.5060595129841525,-0.24958656415163172,-0.2940241912712502,-0.5597173298710783,-0.8064305925712957,-0.3286463815992312,0.3477139665075366
32,densenet,cifar-100,20,1.0,0.1295687966827522,0.3884379527602918,-0.4738336438386719,-0.3675358742345158,-0.5043009307950339,0.6543439591577312,0.23731971524193993,0.5153879948919905,-0.19478315682310515,-0.7306744912329257,0.8081061949107412,0.591759714924268,0.8093885752850618,-0.7811008220693173,-0.08417653707490935,-0.8522426247329898,0.2855915971741311,0.5266797425750797,-0.5686143322955048,-0.8040369168239,-0.5989144540568602,0.3628606689126614,0.2995273029820218,0.6421633279066259
33,densenet,cifar-100,20,2.0,0.5279111122701219,-0.674610170851732,0.6957084261064176,-0.7288518949845261,0.67844205103461,0.7758108850323908,0.6945801277753083,-0.7006056605496881,0.44731784967759347,-0.6528782473264115,0.6653782999787989,-0.5622502850578572,0.6517142040630863,0.8014385452574652,0.6617368799356271,-0.6928683881346088,-0.12037165669630548,-0.11279764608040538,0.17032732480318927,-0.1088953669626763,0.1235530612502954,0.035392466838279596,0.1198211662696562,-0.171827173272565
34,densenet,cifar-100,20,3.0,0.9198190044453403,-0.9234133260016807,0.9341110999075773,-0.055272240905566594,0.9292337666804033,0.5138967046604619,0.9536213050743765,-0.6329728945562958,0.3580656770988831,-0.4579055115817179,0.6165980243853366,-0.13000517457101735,0.39324852070311794,0.6797517948604345,0.5715961655710018,-0.9528310335021732,0.9865589342380832,-0.9730149746655645,0.8011023738940588,0.09661948701603815,0.988077908420111,0.6495281618492453,0.959801865192495,-0.44046035126391936
35,densenet,cifar-100,20,4.0,-0.2315634351056506,0.030773215057744836,-0.7400122004225934,-0.7741160370729723,-0.20705693995790983,0.6771339155953281,-0.2826928779737369,0.7979077052307982,-0.19203729241820994,-0.04151700589419801,-0.5490708429343986,0.08189336889048936,-0.20619216779332503,0.6774829978849665,-0.19870659554930956,0.48598322155796875,0.7626994808153641,-0.7743757960565366,0.2861301315559684,-0.6465497731311814,0.7623524774602786,0.2138439019320055,0.7112321946083541,0.42487927462101727
36,densenet,cifar-100,10,1.0,0.4434646494565247,-0.7943018363190237,0.9420537588308373,-0.36709214152229513,0.7706440834643961,0.36968627839299395,0.9026776336713742,-0.9155769501742018,0.1916259372613212,-0.5534827306340533,0.4629354627371738,0.2524116655680089,0.5072285031249701,-0.3112821975684428,0.36200831366381186,-0.5552741545128347,0.9083389658718494,-0.6980296917347686,0.4447053055319277,-0.12525023242555014,0.7451662780168542,0.13517071095355535,0.5692140629235736,-0.47431457778357083
37,densenet,cifar-100,10,2.0,-0.30721847800655433,-0.27110188587106876,0.6197988544954248,-0.6781559152196883,0.17731003725968514,0.48989633017476497,0.4675907616787373,-0.5670682541982602,-0.23173643080503675,-0.175236386869155,0.44842376863712746,-0.2838288681764951,0.0921662532218883,-0.05580813052269207,0.33283660769251927,-0.36737207954228396,-0.40185033938223813,0.3527792563597223,-0.18581738910945364,-0.9697809877149339,-0.4435722243088626,-0.3390340328738169,-0.1331956667564815,0.34130282372168774
38,densenet,cifar-100,10,3.0,0.7556648195495405,-0.7878184530960243,0.8324313211799275,-0.48922821307910475,0.8212447874855962,0.6540998318982367,0.7589810569434658,-0.8635168899355566,-0.4088626396218558,0.4187910383778004,-0.44301185353286077,0.7414787998940975,-0.4428762061333823,-0.6348656225356119,-0.3958557686476375,0.4678065375256696,0.7603213546156186,-0.7466474865400424,0.7073792355886116,-0.09678202970097237,0.728591256346554,0.41610585501665953,0.7788408398049154,-0.6794823466168575
39,densenet,cifar-100,10,4.0,0.003095659623287471,0.21507896594793868,-0.46465983489061136,0.8300349991140301,-0.25160128095367545,-0.8311177552467129,-0.27010407808956877,0.4946604073212693,0.3591174707104273,-0.5453020501496962,0.7423226240910662,-0.7433506387009565,0.5728216684980258,0.9541853298377475,0.6014402657455978,-0.748046163304216,-0.5645755905713619,0.5986675006553602,-0.5282388806495146,-0.13409313668814732,-0.6072515694042745,0.11621144275922374,-0.5136450042237076,0.5981261040965706
40,densenet,cifar-100,4,1.0,0.9810877127648103,-0.9884501667318625,0.995267558480265,0.022781834657127242,0.9783333814656552,0.7243018037034968,0.9991599360154865,-0.966204471119944,-0.7685344114518516,0.7914270861463535,-0.8450219387681166,-0.500461890097185,-0.7559672534481283,-0.8692188906719679,-0.8575832480153073,0.7384398935342229,-0.444021796118484,0.46856023541861475,-0.45942377200806256,-0.2888437114466636,-0.4306654990112464,-0.9178563922807618,-0.5315478730795969,0.32830010687650224
41,densenet,cifar-100,4,2.0,0.4661566385683466,-0.4390952215097714,0.07068832925454907,-0.11690158095788084,0.4755677334637137,0.8886889110266426,-0.04442189252225528,-0.4202009883175493,0.8135587787832291,-0.7351300695075778,0.2335024469087869,-0.46877212368404697,0.7750590240549587,0.3567007356469858,0.17876238698659905,-0.5937843101083883,-0.22875424583948084,0.2906356555285403,-0.6261419446992181,-0.4856094077385483,-0.2398485523841072,0.4168805852291434,-0.7382708668368422,0.3207230507760904
42,densenet,cifar-100,4,3.0,0.10411475281534037,0.09877836784739774,-0.8803225525149749,-0.8007528288549636,-0.1442038599027307,-0.19847930097750302,-0.7078330589575149,0.7398950047496686,0.001203885542719196,-0.26676783835920576,0.5769944000721875,0.5270983493048893,0.22876246506407125,-0.18700980722493785,0.2172809633044295,-0.6257291858634144,-0.18345270857555104,0.17795145514112146,0.47110132214084605,0.32539639102373347,-0.18511969007051535,0.8011065920704007,0.6444392473218298,-0.1250530292400036
43,densenet,cifar-100,4,4.0,0.07202642997862364,-0.011524313249721314,-0.539744184290148,0.3698636262336623,-0.14063292366170943,-0.09470469584486105,-0.02726563846366316,0.6987441001918833,0.27920851676832786,-0.13897053284931032,-0.40780674181424853,-0.4200027722843986,0.0686292598788581,-0.5433776693917758,0.24544548800915522,0.9579267467711157,-0.5469304998506617,0.6104374623000206,-0.4390150038307983,0.3570336387163533,-0.7205167053531187,0.4171069193155625,-0.42763630327204677,0.3676519671135951
44,densenet,cifar-100,2,1.0,0.6989772267359832,-0.8674864552900428,0.735559725370242,0.16733004195468193,0.7486859035781318,-0.40795124364924856,0.18124104668874993,-0.9398791079448661,-0.6385359208255329,0.735037216282306,-0.598607087209336,0.21062455308519296,-0.6903131192732235,0.4192225543270201,-0.041081705960552314,0.9035289813469768,-0.5994823127300772,0.3704174466786842,-0.2392843504041483,0.6553891054701817,-0.5540639650866704,0.7506715122980647,-0.3054848657476134,0.20532092207438166
45,densenet,cifar-100,2,2.0,0.3011558351017411,-0.636231391677811,0.8885445201224175,0.4681412649938467,0.5175469087191895,0.15137564214225224,0.46819032302050084,-0.9161595360869332,0.3551516444699568,-0.0665110871321732,-0.16869268395090056,-0.4300349979659925,0.1583325185176442,0.3268541457546351,0.4168768589557418,0.41932172346719004,-0.12339708770629589,-0.09994356492913656,0.5033967063514698,-0.08640461319781624,0.0088859925825539,0.4814813018057697,0.2305925190650951,-0.4808736477544363
46,densenet,cifar-100,2,3.0,0.5616953110207101,-0.5863443071974161,0.7416659082628702,-0.4309525391632682,0.6174717394142191,0.7433343179204489,0.6972683916084722,-0.7050182143326037,-0.6084653874867733,0.5494310655942188,-0.3389362845140503,-0.2619533732200868,-0.6097317016087244,-0.5432251673263193,-0.40834865095323275,0.4056741375290579,-0.8618324611475915,0.7777859470064648,-0.17841031738093063,-0.602689047187283,-0.8218634564364551,-0.39747855453508113,-0.4190667535753716,0.31005131934252145
47,densenet,cifar-100,2,4.0,0.33291952929921304,-0.456565015770501,0.7378775206721643,0.12566622217213755,0.4496406254255472,0.7322767004072209,0.4747546501288636,-0.8895325563760225,-0.7641985928041448,0.8316996476695593,-0.7450074726620529,0.1784839588765028,-0.8146720670409888,-0.4653523291240113,-0.7317106059313446,0.8814705560502315,0.8758823781702832,-0.9301854645911075,0.929717209997449,-0.22768034615440008,0.9304884968391626,0.6632479851514421,0.9173923745675904,-0.8611327382298023
48,densenet,tiny,20,1.0,-0.16740515272976536,-0.1774891818081654,0.2879039850410612,-0.4945544358322281,0.0819519964614157,0.22735830071079982,0.24413048675180646,-0.33680805948737713,0.6407616559837643,-0.6928442609015244,0.1752838166167205,-0.8252305549925819,0.7369834081502702,0.14275099282278908,0.10213727164817855,-0.7370609527883347,-0.5914099208713745,0.34045257096388204,0.26103105726408027,-0.014315433241869895,-0.3890627018919755,0.3139502972670839,0.2095861230080801,0.17844925552004368
49,densenet,tiny,20,2.0,0.4083566461315232,-0.23586052081777398,0.3887772817188389,-0.19991819130858182,0.19856799178541182,0.9737422444729278,0.5347897204650467,-0.14054836213444039,-0.013623338083540238,-0.27026032225835506,0.13340754649818506,-0.8337467794879097,0.337496407409199,-0.3052621138145509,-0.20021893911079014,-0.4442085874273269,0.02773397549605238,0.14336191725502773,0.004550663867032926,-0.12965202667469242,-0.17504266082188458,0.811152367771138,0.1766709397817633,0.2134334305735235
50,densenet,tiny,20,3.0,-0.252674958727973,0.2934696139735731,-0.3228295218207413,0.45178043563242265,-0.26835012373850126,0.7699757776803471,-0.38357863285559085,0.29532241057099906,0.6134569884621169,-0.6567879215714053,0.6752758895037626,-0.3317534044325404,0.660275237551659,-0.5614308571019818,0.690482927606285,-0.6809601006813315,-0.31700440628668086,0.33276943626693734,-0.35360855252793444,0.6134941059294087,-0.31027320314737294,0.6461624704327565,-0.41487123132011156,0.3244541794012753
51,densenet,tiny,20,4.0,-0.5287900614974328,0.4715317247918821,-0.4528038110938366,0.30984063211665314,-0.44979191512317784,-0.2207635950611605,-0.47927784943641816,0.4161242447432773,0.616794559513795,-0.552361792984875,0.5261030994192043,-0.3650173087274698,0.5398861660293856,0.3079139351722234,0.5472406260437546,-0.502632897336577,-0.8918632437447006,0.8753812935582764,-0.8715288820864088,0.8037599443291986,-0.8596535733249661,-0.7359754395224655,-0.8863208761250976,0.8463175332797789
52,densenet,tiny,10,1.0,-0.46202168541783123,-0.4718971651687292,0.7621087422208218,0.10905649508810336,0.37035768529748136,0.6927288824412623,0.4645099016847267,-0.5693005585877751,-0.2311641139975041,0.4049657106334177,-0.4740524137175243,-0.48493468541057533,-0.32196628459696597,-0.38868304804664977,-0.9657463783919595,0.20910709572760613,-0.016635859194883706,-0.9420040596217908,0.9917977580895868,0.664723565271575,0.8557280201811739,0.02711581845371524,0.4844927928988616,-0.9461063032152335
53,densenet,tiny,10,2.0,0.6702435287106676,-0.7972897695562953,0.8015961623403984,-0.36008911372549196,0.7724092442355214,0.7019594021661959,0.7758639234046995,-0.7190077476820632,0.5455363090322132,-0.8181163867365252,0.8234204689524761,-0.33411673764809524,0.8365488424540637,0.3554576355597613,0.5872049122389086,-0.8668851968163697,-0.027483215900249023,0.24824386399023446,-0.36673781851853227,-0.36884649628849664,-0.25274380748601827,-0.009562642697493377,-0.14659147567188863,0.3146188211458415
54,densenet,tiny,10,3.0,-0.6044113130737919,0.698416550318094,-0.7246596120314424,-0.957081204737649,-0.6572865268262816,0.07058877402038725,-0.7205217535259685,0.6695728777073999,0.8359250147567266,-0.9391198476432069,0.978465023215829,0.8786818799761412,0.9224411764948165,0.3262466880112375,0.9536100708191382,-0.9506609555804764,-0.1466075082931888,0.3554110828078173,-0.4815231912859998,-0.8957095772236491,-0.321563986411599,-0.032283523788942316,-0.3799366309493729,0.44564157450549374
55,densenet,tiny,10,4.0,0.9251662619501891,-0.9547865605585212,0.9676735113137813,-0.9913439208628763,0.9421422955753285,0.9892379098249999,0.9765281669137094,-0.9497797785425961,-0.9173809892228095,0.9307738565927836,-0.9342012589844517,0.9662961100374949,-0.9197227054634964,-0.9586613153600567,-0.9430187168498321,0.9200925855104243,0.7014311376048887,-0.7304230036409756,0.7511589939169229,-0.826681368843516,0.710518147299533,0.811395737286726,0.7652651960128762,-0.7237417720336025
56,densenet,tiny,4,1.0,0.7140580190887208,-0.6399650303500631,0.4270977415273654,-0.12900102094449714,0.7206608369850672,0.05292135010373076,0.33566038806859905,-0.6969819433611143,-0.5002296499386004,0.5583094023305548,-0.42497482572654716,-0.4647890900671749,-0.48343568924143976,0.43668732632100676,-0.3460199167967754,0.4742213429730512,-0.721049656792229,0.7478391546361074,-0.41109946148502957,-0.5323538767131066,-0.7215769536802609,0.7886797854289075,-0.27964571486906964,0.7185729492695272
57,densenet,tiny,4,2.0,0.14375008922725133,0.042806202896920366,-0.15370580613753984,-0.9108375235571506,-0.12459313057797829,0.9130861058992757,0.5690191664691526,0.40706483367077234,-0.735286752082945,0.15202541847784884,0.14208459191148037,0.12092158414390013,-0.2624602602862707,0.0029582528339413953,-0.8012929125593504,-0.6696272964595906,0.19428343891509808,-0.8111720752887074,-0.40047749371481756,0.49586161908278215,0.7403304891050322,0.16449572770335946,-0.772094123864898,-0.7022244052790232
58,densenet,tiny,4,3.0,-0.9463771368527152,0.9446407186989683,-0.9846949838593878,-0.9594788367610169,-0.9470408288563092,0.04041608829893236,-0.9988442872732551,0.8765973625282953,0.6984316206881626,-0.6932125874704613,0.8579772789987572,0.9459402236320708,0.6901814975806891,0.39541556142999246,0.8901229099033265,-0.6368536967302458,-0.5957363057607766,0.7067058315146436,-0.5146453230852365,-0.2267369004514744,-0.6943209025111164,0.6163584984159343,-0.4156510831777459,0.7648825369357762
59,densenet,tiny,4,4.0,-0.48013351749995353,0.2780983174198662,0.2348298314864935,0.5669133241055658,-0.13516816876516888,0.4939824519549468,-0.5538260041599531,-0.5016609706443341,-0.2809385714226753,0.41032812255928125,0.2061715643478813,-0.9295979184045932,-0.5707083515278517,0.11590870856564127,0.43959878265285685,0.5281533863757432,-0.8836939287907125,0.8317191606579643,0.34363148310745484,0.06474776745589576,-0.7456667051927773,0.6273694310481204,-0.46597076746273286,-0.005565816091735935
60,densenet,tiny,2,1.0,0.4891458472074129,-0.563571287532517,0.9506162385285115,-0.16248457511039616,0.5031770873942293,0.3741536949649696,0.9081395759469313,-0.5721490208152681,-0.14249116451787233,0.20108189829022327,-0.9200974031514046,-0.30268303832420695,-0.15456799011968828,-0.5100513512150924,-0.8624931511600291,0.21633449172003424,-0.5882420049399608,0.4802546483904268,0.3397605437202411,0.7543892747318208,-0.5648811125535734,0.7383007605143523,0.36304439142427125,0.415869794375391
61,densenet,tiny,2,2.0,-0.8375157925632393,0.8203756428856416,-0.426122578843726,0.9283841694508621,-0.7516897340212466,-0.13096678111658128,-0.5344976572574878,0.7521501058229362,-0.4240841498851396,0.47235068072832503,-0.3186134439841935,-0.1688414612954957,-0.569286773887212,0.8175072005593093,-0.11556902508824385,0.5766980999425705,-0.7715920063846182,0.802848550978308,-0.22593599382982724,0.8720502370164847,-0.7169654381373108,0.09229175369771718,-0.3378767185369927,0.7361799646542968
62,densenet,tiny,2,3.0,-0.16251195666184057,-0.394356766280115,0.7661174104066587,0.41942628412446786,0.1626276373584998,-0.34983657041461613,0.7361869540334058,-0.5422412784855725,-0.7008254338723678,0.3871001194314128,-0.04003495317656067,-0.7039266560513546,-0.4665822521435888,-0.578948210334445,-0.10115623105900516,0.16437843781688144,-0.505467004733105,0.8968886161805624,-0.9636871847809872,-0.1410846490826522,-0.8025359039032631,0.2594192098957945,-0.9585836053719623,0.9657253021248882
63,densenet,tiny,2,4.0,0.6898637305105739,-0.41068117294674666,0.3395715014456854,-0.15548261175696865,0.4570976851920165,-0.30657628979159485,0.5142023962200553,-0.043166097808790355,-0.8670546452364258,0.6911186229159658,-0.4795621876362564,0.02933387478075529,-0.7461188303290707,-0.21380316232856575,-0.5090342198691372,0.41920627676808675,0.2697320134682411,-0.6177725679879014,0.5761723635349183,-0.17266010712758062,0.5866205681456937,0.9008228387328122,0.36604802488760185,-0.8707943285337694
64,vgg,cifar-100,20,1.0,0.3524631652885111,-0.32138295752050683,0.07558463388234216,-0.37670792925517027,0.18402679517718537,0.5032149457518623,0.13732837766185071,-0.26576609433905746,0.23451716341112167,-0.23354357151851696,0.4534832838983797,0.8132066078464736,0.3768193708755233,-0.6367060771592103,0.4091548105487365,-0.28202923336734464,0.09717687031712188,0.08300094445127822,-0.17002051655070655,0.058017361908747664,-0.06623884676989734,-0.6916755135934777,-0.11284498127081313,0.12178147455701761
65,vgg,cifar-100,20,2.0,-0.7441891436794531,0.6248350031112647,-0.31207909821641083,0.8344680889774277,-0.5212936951910022,0.6764210466364489,-0.6219905359204798,0.3129773381411169,0.37692401441981194,-0.5504313512546828,0.6095832819691597,-0.33955117287909903,0.5310002644562409,-0.0225527067436539,0.470877986012713,-0.6476782765668485,-0.4060988616761285,0.3576941080341762,-0.13460587451110026,0.5449472352986624,-0.2515133202296326,0.5540686366640367,-0.33158471788815175,0.15063526927879542
66,vgg,cifar-100,20,3.0,0.6060777073523342,-0.6394095348312152,0.5704626970677902,-0.16819754117222363,0.6153660620105522,0.061958610084221745,0.6505143377093934,-0.5172081843980227,-0.039722135688043565,0.3876493949962995,-0.7000849611876827,0.7961196398695687,-0.3728889071328049,-0.0325230214865456,-0.5508001920847814,0.7268479421176267,0.01036220247775231,0.028282636063425688,-0.13314943200488316,0.06598562398023189,-0.05537358024481139,0.7304665875063716,-0.04767896412768587,0.14825322869703703
67,vgg,cifar-100,20,4.0,-0.6861111936476073,0.5473481882173766,-0.4853444929622096,0.4721346613703537,-0.4605562501275017,0.4235455010538313,-0.6522017806150834,0.2779317814186469,0.11754495419756725,-0.39075215038366373,0.4505335494777065,-0.5277871156257404,0.4500399561107191,0.2952815225397991,0.3571813118355463,-0.6124851165492925,0.12711472166933882,-0.41242069766092926,0.6316976686259632,-0.7704533351910632,0.45241979460582255,-0.0721013369791375,0.5541179931457575,-0.646349318354004
68,vgg,cifar-100,10,1.0,0.2527413384368962,-0.4250481023416058,0.34299449019655387,0.4570432367483034,0.4176149119088524,-0.11703473846153312,0.30577853829405044,-0.5045711313667384,-0.09780235012506411,0.15137952339198232,-0.42562421189003324,0.2645860261746742,-0.1418120498895523,-0.038364066290488726,-0.40898131196003223,0.20867040037008155,0.22442173318014308,0.0032542752868976216,-0.25370361937732894,-0.6743716714999355,0.013069459090796766,0.14052728818781796,-0.1787243026313976,0.1772572023400474
69,vgg,cifar-100,10,2.0,-0.5829196192293356,-0.14298611824715432,0.6111715313395583,0.7705028378772565,-0.00904630727003304,0.8352435999819915,0.4924717700756317,-0.4721953920603851,0.22744214093406384,-0.7088745027401456,0.6305556640605514,0.3867529731171746,0.6902375352288576,0.4005627124268583,0.7038889806688946,-0.7194659561483236,-0.7455548782725306,-0.15002022231081186,0.7468321976740323,0.6819072710884623,-0.016723750434051422,0.8648736050458674,0.6426179390552479,-0.5779355037234954
70,vgg,cifar-100,10,3.0,0.6809077526159014,-0.9281757146802112,0.9462293493738146,0.3862318113809418,0.8945839323418942,0.6998443638656593,0.9501643332554124,-0.9675328298867112,0.7619756641480999,-0.5449991651871183,0.31524043648763994,-0.16802857324191298,0.5861482781192345,-0.057390713802380706,0.37109827383472954,-0.3921818235645649,0.9764537343401183,-0.8703107557642337,0.7081609501083428,0.2403015326917881,0.9024035331001358,0.1374818772812538,0.7550527909622851,-0.7610176572516106
71,vgg,cifar-100,10,4.0,0.5607636336991335,-0.9158271731944272,0.8178840111808686,0.8120481419021812,0.9888889503518594,0.6652399326420343,0.9258273032741072,-0.7604325506503025,-0.38502994883342784,-0.11163198389111768,0.8954940354020774,0.24519513970503223,0.38112356208538056,0.7839049553238625,0.6377376574940447,-0.8677488160912982,0.3304961567077248,-0.5426027791213021,0.7372619350167776,0.1949118047514474,0.6312258152243925,0.3293350636761022,0.8345934656832741,-0.5362341470839829
72,vgg,cifar-100,4,1.0,0.4625263938434219,-0.5524462869681526,0.6883644695847317,-0.2677930469955319,0.5500866553805781,0.778593245402673,0.6308845438643573,-0.6127512738882889,-0.7611160738251953,0.7196240654079689,-0.6572952673685186,0.1364479353058976,-0.7472516421977702,-0.7004885725471903,-0.7683588713725109,0.5545010800128503,-0.08533180964137899,0.231952541110809,-0.2724822473843956,0.3767362953229856,-0.16919832352357023,-0.2561213303104174,-0.18190864154773304,0.3283641467645128
73,vgg,cifar-100,4,2.0,-0.024587719217004058,0.028664074905310182,0.11022400860329526,0.28005295894556814,-0.003661911791218131,0.9079135230642732,0.014785336292577236,-0.12800864034830686,0.6525646947348483,-0.7584513104516447,0.580623436117576,-0.22926311352938056,0.7219394479471314,-0.6404158276542551,0.7658760191351087,-0.5328563992341898,-0.6012487866602485,0.3470162264597212,0.07868787331329569,-0.16660061761626918,-0.41532700339473566,0.6984549732146196,-0.00849972034041117,-0.033764405093768234
74,vgg,cifar-100,4,3.0,0.3867788366642351,-0.4079152870710352,0.36028170822578043,-0.5791072703490461,0.31167943644908747,-0.3373699760262241,0.4389927120917065,-0.22941491037160858,-0.38138397383659556,0.4054406691863138,-0.49978222932989824,0.0537740646967286,-0.35199505674680487,-0.6249910376919313,-0.5423498629149871,0.3433785144301128,0.2098961974678178,-0.17962746300781499,0.11680849894577477,0.2847414972669189,0.2667132343314857,-0.38721406404771813,0.03615883542431887,-0.30249232176927665
75,vgg,cifar-100,4,4.0,-0.4168808267460611,0.49754188714665926,-0.46713492906137827,-0.43282119485470105,-0.5456230120453504,-0.5047730166482957,-0.38588953501951206,0.38021861694132125,0.1682089946454141,-0.27780943807470593,0.5558233103354944,0.20831218185864997,0.4368547379302172,0.7346603821310855,0.21703309197758236,-0.7155575423645683,-0.13750178665902038,0.0059969301817734185,0.3131179951211788,0.2995131558808571,0.04444965894924586,0.7868787274457972,0.007295164108068585,-0.6257570265154423
76,vgg,cifar-100,2,1.0,0.6741912985538582,-0.7624866457591465,0.6596464015588639,0.020489430665319334,0.7077181308112725,0.6562315928255882,0.8322112778477468,-0.6816701543902804,-0.6069670363847119,0.4880703199028827,-0.2709001563909035,0.2933779537450651,-0.5570416215882756,-0.7397844657061572,-0.6248391414010745,0.231352389212643,-0.6719691525447147,0.6948567616030927,-0.3904149912788328,0.24073458741436543,-0.7144634223432313,-0.16383411379768234,-0.36017102884186414,0.5959564049605609
77,vgg,cifar-100,2,2.0,0.1021143028259107,-0.005681480926555261,-0.03731884869029615,-0.5761605805416461,-0.057711091222999306,0.3176745043674473,0.06817294661051951,0.1882504450398177,-0.35331386109742596,0.15044917747228517,0.10414382666438926,0.4157148710722912,-0.09324468465400487,-0.23093389030347516,-0.09133215441957757,-0.3090477284162699,0.037574362367589854,-0.17030523503841674,0.17133383606053634,0.6253352633211554,0.051411823664665665,-0.4205023829628075,0.08903895004667498,-0.2069385175881916
78,vgg,cifar-100,2,3.0,0.5688796017217713,-0.5374598161877354,0.5990403812931411,-0.5709945884077597,0.5641652387160504,0.8880500774778428,0.8029725281020182,-0.34907136540715467,-0.42213809176682393,0.3488205062081783,-0.3365369265912093,0.543026090350646,-0.35070524224392063,-0.7370689898729821,-0.6078227627112327,0.03361185632197312,-0.7071164824391996,0.7626431782216255,-0.7911249888639307,0.2569849853802845,-0.8336595989141132,-0.7104398895948181,-0.8634846844685173,0.8099567286694416
79,vgg,cifar-100,2,4.0,-0.8937590792182258,0.7106977149279391,-0.1510352802917413,-0.5514612751926071,-0.869068422790124,0.3389758608554757,-0.41380793529932197,-0.515509720152909,0.9482212252444903,-0.7460180477275354,0.07262493216726652,0.5767694757974964,0.896283792512128,-0.4057916589793093,0.37381440247397585,0.5941726140058801,-0.28131093622526226,0.7643636742383948,-0.6832133017587975,-0.26305211332483425,-0.5824669841308812,-0.5081277177475535,-0.732595459460615,0.42158454360270115
80,vgg,tiny,20,1.0,-0.5817673735270641,0.4092489287346852,-0.2966645124622524,-0.1321909764227156,-0.5136659133197105,-0.40688979231153444,-0.21883158246013423,0.3610375377879486,0.727309445895294,-0.34243982150437535,0.17785484048877018,-0.20688703710336537,0.45502557878574934,0.14163250687250728,0.2742847290449403,-0.18119141324411941,-0.6071513132210726,0.8526919273738971,-0.7392283670060092,-0.2295452063370293,-0.888243436919097,-0.7403725692252893,-0.6549659660223734,0.8284303198730593
81,vgg,tiny,20,2.0,-0.4571262103052698,0.009614482675851896,-0.07292859583976276,0.16082326524146423,-0.1410568373339943,-0.3835768595963589,-0.018188851713566642,0.07064422411073873,0.3474326040223573,-0.22334761231731495,0.2728820266830758,-0.17344374844564878,0.365337767301207,0.47823996856620465,0.061251268464195256,-0.3372792525845698,-0.9744839294208311,0.648174052650028,-0.6899439804884613,-0.03501772825605656,-0.6741042849915091,-0.8608584334869722,-0.7680745573517005,0.6081806312899711
82,vgg,tiny,20,3.0,-0.3947822089487528,0.4959363251819638,-0.5157788144483461,-0.32231919351799476,-0.49833226801080227,-0.060344458137341836,-0.5756101105322812,0.48973981148288687,0.6285590078911356,-0.8776277363115665,0.8819686816131167,-0.007173681560862103,0.8925432247262868,0.5688009429862642,0.903582844834104,-0.8738586269031909,0.31242517408891884,0.23496080082091392,-0.4377224429996613,-0.3604645390873955,-0.2780251227394154,0.2864095507143491,-0.267011131240466,0.40436362869593234
83,vgg,tiny,20,4.0,-0.12028746175700683,-0.014023382439053884,0.0472667549472832,-0.43323242111998156,0.05780176755469988,0.35202483151350883,-0.07782116145245999,-0.19150305961203914,0.14470281851212327,-0.36976957747986533,0.500003391660948,-0.31779779953027365,0.46359068986174085,0.8312460504777905,0.33353569734446364,-0.6387251617347144,-0.3405271584173341,0.3458353200212452,-0.3816775346496931,-0.17277746302017163,-0.31084014491206474,0.422019069190536,-0.39000498060134664,0.25890131247678344
84,vgg,tiny,10,1.0,-0.8789953437788222,0.2945120735313088,0.05626220973129949,0.503052795159055,-0.666550167678698,0.5318037923567484,-0.16830646818377498,0.02114613298431128,0.9161797524189311,0.009240737125727686,-0.3266825757831486,-0.7877497287932582,0.5184247641449008,-0.37920287872477604,-0.16121821772816083,0.28720566724377333,0.47510600544373427,0.43730037588688087,-0.5885038068840583,-0.4084526829962239,-0.06588385101419596,-0.40599378666321706,-0.43677307523969916,0.6490591179782352
85,vgg,tiny,10,2.0,0.8083293162861015,-0.8081298944898825,0.6792217215381589,-0.10072730883984456,0.6678876727538218,0.7373090297275046,0.8599547911221891,-0.6812771801653507,0.8962079468505855,-0.9010529048907535,0.9526323143658207,0.28287294218957415,0.9394397619121017,0.9449369159078791,0.8267013251094515,-0.9559433125891006,0.8529647212983894,-0.8339461282349988,0.7935064375812861,0.4898848700340946,0.7924080694982293,0.877635662425507,0.7512168278758744,-0.8179928832220515
86,vgg,tiny,10,3.0,0.23930253398972293,-0.3814601213413081,0.39319639740310663,0.113510247498086,0.32920642775699793,0.44683438027094846,0.44764085275122467,-0.3622664293188977,0.1607106351807627,-0.31206306052864935,0.32769569998706355,0.22355281597375304,0.37044868497649264,-0.07994690008432336,0.24463549600669973,-0.35888525695172985,0.6715469378094542,-0.5541546663129334,0.363159268200657,-0.606123108146801,0.5068683955296516,-0.5244728729081324,0.5513428567500683,-0.3627728926398295
87,vgg,tiny,10,4.0,0.24430856090117034,0.8778766302183233,-0.9734819050690474,0.5415107130385016,-0.8517994834080639,-0.9164848513378054,-0.8893989241720517,0.9608150608354689,-0.6557959260430809,-0.5464086859382323,0.7898003235035169,-0.6966758913811554,0.5279117045062989,0.6560575182154729,0.5606181191658617,-0.7677659629811768,-0.05114253708598915,0.7050012698344572,-0.6371240681746039,0.6193431572929532,-0.6300931207252688,-0.8481152111709466,-0.7941078835448286,0.6074189808966055
88,vgg,tiny,4,1.0,-0.27235010767475715,-0.062472411612978375,0.2602574134362907,-0.6856163460640287,-0.04510482592742064,0.4263515305153648,-0.11335484492597711,-0.31897280448003884,0.9401789633073033,-0.8647651620437712,0.7276355838683831,-0.4597991827838332,0.9101871117118634,0.49208829185606934,0.8556263322568065,-0.7033392884014661,0.18523189230455703,-0.5548639438813238,0.7377535370509741,-0.7573125045054778,0.4440122369335726,0.8796491811341363,0.42355191194133757,-0.7892907231288303
89,vgg,tiny,4,2.0,0.8146437318863926,-0.7817130407581518,0.14371063383416507,0.5894045286233748,0.5962180429257103,0.7382929418968013,0.8676304053000663,-0.011400884173209617,0.9026107241524629,-0.672889267688852,-0.14795769962705393,0.8152252375217617,0.5166042966925645,0.6207557485096449,0.7564236405902054,0.2658316173184694,0.5301504277006251,-0.16530404892434064,-0.6163681631302673,0.8044965043163868,-0.05165539074230221,0.5314486406672729,0.35715246605234635,0.7245468951290662
90,vgg,tiny,4,3.0,-0.9458076480937067,0.8626785414345548,0.23587009187674718,-0.8751640794147242,-0.9298867113893812,0.7910440553254581,-0.4773460716470583,-0.34385585216466547,-0.19895524449416804,-0.3329352984691173,0.6356781299498474,-0.13767499755537838,0.1666773537585023,0.49998848900074355,0.5581079119490826,-0.6337539724400592,-0.04982951807536367,-0.23307811913365634,-0.15641744206425143,-0.42552472677314523,0.12959985790682652,0.6727249448847596,-0.14772885698726698,0.06390557486609792
91,vgg,tiny,4,4.0,-0.8403096585282425,-0.1386055090140816,0.9014273112698875,-0.006750512631449675,0.07585494561831237,0.9137028973786042,0.6158061151345375,-0.9182899608635322,0.22235690014677204,-0.6007187817905062,0.20207131965038175,0.7997667809677129,0.5473819465632765,-0.019745815236894226,0.3983696490789037,-0.23285242154649718,0.8293854265112524,0.1413366809329549,-0.9028322689455767,0.01572326412395099,-0.08302391834668559,-0.9215055277985595,-0.6194112970205014,0.9160168290869194
92,vgg,tiny,2,1.0,0.9871667438997379,-0.9794038151793244,0.9484763453642944,0.03627355013472295,0.9824305879676895,0.5401119858293765,0.873252014824687,-0.9653098551558602,-0.8554649626707221,0.7473350302296068,-0.663927094931216,0.15649863880669707,-0.8389397986129548,-0.04316869990385611,-0.48226737000644243,0.7620526718741061,0.668053116272235,-0.6101545233989618,0.49336016526294013,-0.4988166725818547,0.6491374706350878,0.2429020730785451,0.4381457717238735,-0.6038194362143671
93,vgg,tiny,2,2.0,0.2369626118088203,-0.3234178022817502,0.36107670068328995,-0.6925359476760279,0.31793502706766075,0.5729046320726935,0.2780674339022055,-0.4563319167798508,-0.3427762950187006,0.2471968596401542,0.09688173768502108,0.1818812751306943,-0.22240365546956994,-0.04749690671629445,-0.17577864314126898,0.07257556785809295,-0.2636070806749037,0.11538232231906946,0.31171072068152833,-0.4896429766205612,-0.16412756049341462,0.30271876394509023,0.08350310341978481,-0.18174216657181116
94,vgg,tiny,2,3.0,0.19835015377302176,-0.11397113923973036,0.055271556139347325,-0.9364891488970247,0.10944413851627162,0.19794072114258174,0.14975344313126857,-0.0965752588451107,-0.038531840553876595,-0.2501795929952194,0.25425518193082014,0.9124663726359545,0.19532242632004712,0.039259817808023525,0.1411302867114248,-0.2874183567357285,-0.7029877075791481,0.12171365533500632,-0.22418777811397364,0.32744528092539965,-0.37511908750709916,-0.5712416114684536,-0.17626932574260423,0.13794868520369225
95,vgg,tiny,2,4.0,-0.3048529372071276,-0.09703302375334566,0.5160079510274911,-0.4719275884570596,-0.047272195130865134,0.14144110583664002,0.4626077272361061,-0.5858018346304729,0.3403972017754246,0.12533839574213373,-0.4062947684292114,0.5279794069993917,0.12344237788008862,0.02420261798560238,-0.3883074784480152,0.49300060736879814,-0.28876151680700113,0.5144939406050608,-0.9901715192712484,0.4679329563691706,-0.5925726953651157,-0.9084816520963414,-0.9026174182427165,0.9792019411374732
